{
    "key": "group_615f3c13265a0",
    "title": "SEO Description",
    "fields": [
        {
            "key": "field_615f3c1ce34cb",
            "label": "SEO Description",
            "name": "seo_description",
            "type": "textarea",
            "instructions": "",
            "required": 0,
            "conditional_logic": 0,
            "wrapper": {
                "width": "",
                "class": "",
                "id": ""
            },
            "default_value": "",
            "placeholder": "",
            "maxlength": "",
            "rows": "",
            "new_lines": "br"
        }
    ],
    "location": [
        [
            {
                "param": "taxonomy",
                "operator": "==",
                "value": "product_cat"
            }
        ],
        [
            {
                "param": "page_template",
                "operator": "==",
                "value": "home.php"
            }
        ],
        [
            {
                "param": "taxonomy",
                "operator": "==",
                "value": "pwb-brand"
            }
        ]
    ],
    "menu_order": 0,
    "position": "normal",
    "style": "default",
    "label_placement": "top",
    "instruction_placement": "label",
    "hide_on_screen": "",
    "active": true,
    "description": "",
    "modified": 1713224263
}