{
    "key": "group_61630934664e6",
    "title": "FAQ",
    "fields": [
        {
            "key": "field_6163093c4fc0f",
            "label": "FAQ",
            "name": "faq",
            "type": "repeater",
            "instructions": "",
            "required": 0,
            "conditional_logic": 0,
            "wrapper": {
                "width": "",
                "class": "",
                "id": ""
            },
            "collapsed": "",
            "min": 0,
            "max": 0,
            "layout": "table",
            "button_label": "",
            "sub_fields": [
                {
                    "key": "field_616309584fc10",
                    "label": "question",
                    "name": "question",
                    "type": "text",
                    "instructions": "",
                    "required": 0,
                    "conditional_logic": 0,
                    "wrapper": {
                        "width": "",
                        "class": "",
                        "id": ""
                    },
                    "default_value": "",
                    "placeholder": "",
                    "prepend": "",
                    "append": "",
                    "maxlength": ""
                },
                {
                    "key": "field_616309644fc11",
                    "label": "Answer",
                    "name": "answer",
                    "type": "textarea",
                    "instructions": "",
                    "required": 0,
                    "conditional_logic": 0,
                    "wrapper": {
                        "width": "",
                        "class": "",
                        "id": ""
                    },
                    "default_value": "",
                    "placeholder": "",
                    "maxlength": "",
                    "rows": "",
                    "new_lines": ""
                }
            ]
        }
    ],
    "location": [
        [
            {
                "param": "post_type",
                "operator": "==",
                "value": "product"
            }
        ],
        [
            {
                "param": "page_template",
                "operator": "==",
                "value": "faq.php"
            }
        ],
        [
            {
                "param": "taxonomy",
                "operator": "==",
                "value": "product_cat"
            }
        ],
        [
            {
                "param": "taxonomy",
                "operator": "==",
                "value": "pwb-brand"
            }
        ]
    ],
    "menu_order": 0,
    "position": "normal",
    "style": "default",
    "label_placement": "top",
    "instruction_placement": "label",
    "hide_on_screen": "",
    "active": true,
    "description": "",
    "modified": 1713224263
}