{
    "key": "group_61255bf3c39f6",
    "title": "Order data",
    "fields": [
        {
            "key": "field_61255c11efaea",
            "label": "Order State",
            "name": "order_state",
            "type": "select",
            "instructions": "",
            "required": 0,
            "conditional_logic": 0,
            "wrapper": {
                "width": "",
                "class": "",
                "id": ""
            },
            "choices": {
                "envio-parcial": "Envío Parcial",
                "completed": "Completado",
                "processing": "Procesando"
            },
            "default_value": false,
            "allow_null": 1,
            "multiple": 0,
            "ui": 0,
            "return_format": "value",
            "ajax": 0,
            "placeholder": ""
        }
    ],
    "location": [
        [
            {
                "param": "post_type",
                "operator": "==",
                "value": "shop_order"
            }
        ]
    ],
    "menu_order": 0,
    "position": "side",
    "style": "default",
    "label_placement": "top",
    "instruction_placement": "label",
    "hide_on_screen": "",
    "active": true,
    "description": "",
    "modified": 1713224263
}