{
    "key": "group_6024b52113feb",
    "title": "Producto",
    "fields": [
        {
            "key": "field_6024b5265f212",
            "label": "Producto Colombiano",
            "name": "local_product",
            "type": "select",
            "instructions": "",
            "required": 0,
            "conditional_logic": 0,
            "wrapper": {
                "width": "",
                "class": "",
                "id": ""
            },
            "choices": {
                "Si": "Si",
                "No": "No"
            },
            "default_value": false,
            "allow_null": 1,
            "multiple": 0,
            "ui": 0,
            "return_format": "array",
            "ajax": 0,
            "placeholder": ""
        }
    ],
    "location": [
        [
            {
                "param": "post_type",
                "operator": "==",
                "value": "product"
            }
        ]
    ],
    "menu_order": 0,
    "position": "normal",
    "style": "default",
    "label_placement": "top",
    "instruction_placement": "label",
    "hide_on_screen": "",
    "active": true,
    "description": "",
    "modified": 1713224263
}